{
    "loss": 0.06102398410439491,
    "accuracy": 0.9831365942955017
}