{
    "loss": 0.04967026039958,
    "accuracy": 0.9856660962104797
}