{
    "loss": 0.049667127430438995,
    "accuracy": 0.9856660962104797
}